{
  "g_dagger_fit": 1.2e-10,
  "univariate": {
    "f_gas": {
      "pearson_r": 0.10237469734025709,
      "pearson_p": 0.1827263677583228,
      "spearman_rho": 0.10437036503707971,
      "spearman_p": 0.17429796966915437,
      "significant": "False"
    },
    "f_bul": {
      "pearson_r": 0.08173417352102759,
      "pearson_p": 0.2878940288703437,
      "spearman_rho": 0.07625983943401231,
      "spearman_p": 0.3215113081767573,
      "significant": "False"
    },
    "SB_mean": {
      "pearson_r": -0.022784347722881914,
      "pearson_p": 0.7673850376855739,
      "spearman_rho": -0.07429140566875465,
      "spearman_p": 0.33419635220953026,
      "significant": "False"
    },
    "V_flat": {
      "pearson_r": 0.2753532976965123,
      "pearson_p": 0.0002673705373150125,
      "spearman_rho": 0.24152471695491357,
      "spearman_p": 0.0014604491730247759,
      "significant": "True"
    },
    "R_max": {
      "pearson_r": 0.16414448794365352,
      "pearson_p": 0.03192911638151746,
      "spearman_rho": 0.15872627302309575,
      "spearman_p": 0.03812061279331286,
      "significant": "True"
    },
    "g_bar_median": {
      "pearson_r": 0.005856810364548208,
      "pearson_p": 0.9393979038800094,
      "spearman_rho": -0.09456164350685195,
      "spearman_p": 0.21860613082496316,
      "significant": "False"
    },
    "n_points": {
      "pearson_r": 0.19606109560598348,
      "pearson_p": 0.010169276344767598,
      "spearman_rho": 0.24401268670714843,
      "spearman_p": 0.0012988471983990584,
      "significant": "True"
    },
    "strongest_predictor": "V_flat",
    "strongest_r": 0.2753532976965123
  },
  "multivariate": {
    "cv_r2_mean": 0.19002641512963322,
    "cv_r2_std": 0.0661291979153043,
    "coefficients": {
      "f_gas": 0.07930506391217632,
      "f_bul": 0.004891095676140263,
      "V_flat": 0.14804943873628112,
      "R_max": -0.032045365570009164,
      "g_bar_median": -0.04511086232184455
    },
    "predictors": [
      "f_gas",
      "f_bul",
      "V_flat",
      "R_max",
      "g_bar_median"
    ]
  },
  "structure": {
    "slope": -0.013038937193049754,
    "correlation": -0.42179821678490925,
    "p_value": 0.2581381610323727,
    "has_trend": "False",
    "bin_centers": [
      -11.822838899469225,
      -11.370631549541407,
      -10.91842419961359,
      -10.466216849685772,
      -10.014009499757957,
      -9.56180214983014,
      -9.109594799902322,
      -8.657387449974504,
      -8.205180100046688
    ],
    "bin_means": [
      -0.0900846741574217,
      -0.17692698672836224,
      -0.18066013006965143,
      -0.16612507615499422,
      -0.1880961496144518,
      -0.2195514586257628,
      -0.21219763722086898,
      -0.1814339811237926,
      -0.1460236276767122
    ]
  }
}