{
  "g_dagger_fit": 1.2e-10,
  "n_galaxies_analyzed": 138,
  "low_accel_threshold": 3e-11,
  "predictor_correlations": {
    "f_gas": {
      "partial_r": 0.06627693789894039,
      "partial_p": 0.4399097881195759,
      "simple_r": -0.012038121007712902,
      "simple_p": 0.8885535932385918,
      "fdr_significant": "False"
    },
    "f_bul": {
      "partial_r": -0.008094383786129054,
      "partial_p": 0.9249311342914095,
      "simple_r": 0.11845015716435991,
      "simple_p": 0.16645220107907077,
      "fdr_significant": "False"
    },
    "SB_mean": {
      "partial_r": -0.041949941699580114,
      "partial_p": 0.6251724306673913,
      "simple_r": 0.0833348437317215,
      "simple_p": 0.331175081486048,
      "fdr_significant": "False"
    },
    "V_flat": {
      "partial_r": 0.2922177607767299,
      "partial_p": 0.0005055746378926277,
      "simple_r": 0.3555654345973191,
      "simple_p": 1.8717639836951902e-05,
      "fdr_significant": "True"
    },
    "R_max": {
      "partial_r": 0.031138007015013888,
      "partial_p": 0.7169414368802024,
      "simple_r": 0.13206923370873502,
      "simple_p": 0.12255875521445313,
      "fdr_significant": "False"
    },
    "g_bar_median": {
      "partial_r": -0.06874528700474497,
      "partial_p": 0.42302916151065995,
      "simple_r": 0.12435460138185006,
      "simple_p": 0.14616958205957017,
      "fdr_significant": "False"
    },
    "strongest_fdr_significant": "V_flat"
  },
  "multivariate_model": {
    "cv_r2_mean": 0.1921193750393845,
    "cv_r2_std": 0.19401083367362,
    "coefficients": {
      "f_gas": 0.054677867591279995,
      "f_bul": -0.005386164544748839,
      "V_flat": 0.17868908899408636,
      "R_max": -0.09362691618922243,
      "g_bar_median": -0.028608239627343234,
      "n_points": 0.033893663137781097
    },
    "alpha": 10.0
  },
  "binned_residuals": {
    "bin_centers": [
      -11.845449266965614,
      -11.43846265203058,
      -11.031476037095544,
      -10.624489422160508,
      -10.217502807225474,
      -9.81051619229044,
      -9.403529577355403,
      -8.996542962420367,
      -8.589556347485331,
      -8.182569732550297
    ],
    "bin_means": [
      -0.09754777220488728,
      -0.16159160960849728,
      -0.19060867841002535,
      -0.15909299590002332,
      -0.18331878463187348,
      -0.2022949723833329,
      -0.21599221132851065,
      -0.2236812161783788,
      -0.17478826514104168,
      -0.123693822984874
    ],
    "trend_slope": -0.010166778680965606,
    "trend_p": 0.3736801170460148
  }
}