{
  "baselines": {
    "rar_fitted": 0.19301507218546848,
    "mond_fitted": 0.18980007768037016,
    "g_dagger": 4.074514845596504e-11,
    "a0": 6.387333433924875e-11
  },
  "n_candidates": 0
}